Row,sdpt3,sedumi
arch0.dat-s,1.243695,0.9926851
arch2.dat-s,0.6089205,0.5710331
