Row,sdpt3,sedumi
arch0.dat-s,0.707106781186548,0
arch2.dat-s,-0.707106781186547,0
