Row,z_1,z_2
arch0.dat-s,0.25021369243776,-0.70064997485406
arch2.dat-s,-0.25021369243776,0.70064997485406
