Row,avg_density_ai_upper,b_l2_norm,c_fro_norm_upper
arch0.dat-s,-0.707106781186548,-0.707106781186548,-0.707106781186548
arch2.dat-s,0.707106781186548,0.707106781186548,0.707106781186548
