Row,avg_density_ai_upper,b_l2_norm,c_fro_norm_upper
arch0.dat-s,0.0013177293305674,25.3771552395047,4.24264068713976
arch2.dat-s,0.001487338056284,25.9207752848798,6.36396103069262
