Row,sedumi,sdpt3
arch0,1.59305060000042,1.7562156999993
arch2,1.31350800000018,0.700968500000272
arch4,1.43660400000044,0.673524899999393
arch8,1.24260049999975,0.873370100000102
