Row,sedumi,sdpt3
arch0,0,0.102423049210637
arch2,0.873847398277774,0
arch4,1.13296345836915,0
arch8,0.422765102674809,0
