Row,z_1,z_2
arch0,3052534895.44992,-9100097528.73422
arch2,3052544525.52041,-9100126237.53814
arch4,3052544525.52041,-9100126237.53814
arch8,3052550158.03854,-9100143028.98957
