Row,sedumi,sdpt3
arch0,4.68761510000331,5.39317850000225
arch2,2.52165989996865,1.36479389999295
arch4,2.89796969998861,1.26798369997414
arch8,2.9451759000076,1.71214820002206
