Row,sedumi,sdpt3
arch0,0,0.150516496117277
arch2,0.84764886477122,0
arch4,1.28549444290783,0
arch8,0.72016411895282,0
