Row,z_1,z_2
bnd_pnt_1,3052534895.44992,-9100097528.73422
bnd_pnt_2,3052550158.03844,-9100143028.98973
bnd_pnt_3,3052550158.03854,-9100143028.98957
bnd_pnt_4,3052534895.45002,-9100097528.73407
bnd_pnt_5,3052534895.44992,-9100097528.73422
