Row,size,sparsity,scaling
arch0,13215,0.00140122901092019,9800061833
arch2,13215,0.00157083773663679,9800092750
arch4,13215,0.00157083773663679,9800092750
arch8,13215,0.00157083773663679,9800110833
