instances,feature_size,feature_sparsity,feature_scaling,algo_sedumi,algo_sdpt3
arch0,13215,0.0014012290109201926,9800061833.0,4.687615100003313,5.39317850000225
arch2,13215,0.0015708377366367894,9800092750.0,2.521659899968654,1.3647938999929465
arch4,13215,0.0015708377366367894,9800092750.0,2.8979696999886073,1.2679836999741383
arch8,13215,0.0015708377366367894,9800110833.000002,2.945175900007598,1.7121482000220567
