instances,feature_size,feature_sparsity,feature_scaling,algo_sedumi,algo_sdpt3
arch0,13215,0.0014012290109201926,9800061833.0,1.8309861000161618,1.817294700013008
arch2,13215,0.0015708377366367894,9800092750.0,1.0457499000185635,0.9460268999973778
arch4,13215,0.0015708377366367894,9800092750.0,1.2496123000164516,0.9070909000001848
arch8,13215,0.0015708377366367894,9800110833.000002,1.497811199980788,1.1583596999989823
