instance,is_valid,invalid_reasons,family,m,n_blocks,feature_size,feature_sparsity,feature_scaling,feature_nnz,feature_max_block_size,feature_min_block_size,feature_sum_block_size,algo_sedumi,algo_sdpt3,sedumi_success,sedumi_status,sedumi_gap,sedumi_iter,sedumi_numerr,sedumi_pinf,sedumi_dinf,sedumi_feasratio,sedumi_r0,sdpt3_success,sdpt3_status,sdpt3_gap,sdpt3_iter,sdpt3_termcode
arch0,True,,arch,174,2,13215,0.0014012290109201926,9800061833.0,3222,174,161,335,4.687615100003313,5.39317850000225,True,solved,1.0611393985726636e-09,31,0,0.0,0.0,1.000678264592665,9.46873867442022e-09,True,solved,3.027500694585683e-09,26,0
arch2,True,,arch,174,2,13215,0.0015708377366367894,9800092750.0,3612,174,161,335,2.521659899968654,1.3647938999929465,True,solved,1.0601930444664731e-10,28,0,0.0,0.0,0.9999383668490556,2.2639108642049503e-09,True,solved,8.587206723476015e-09,24,0
arch4,True,,arch,174,2,13215,0.0015708377366367894,9800092750.0,3612,174,161,335,2.8979696999886073,1.2679836999741383,True,solved,3.316735774916424e-11,29,0,0.0,0.0,0.9989552603569407,1e-08,True,solved,1.0871019195946019e-08,22,0
arch8,True,,arch,174,2,13215,0.0015708377366367894,9800110833.000002,3612,174,161,335,2.945175900007598,1.7121482000220567,True,solved,2.5990765095684765e-11,34,0,0.0,0.0,1.0000335926198904,1e-08,False,termcode_-5,1.4825723759770426e-08,25,-5
