Row,sdpt3,sedumi
arch0.dat-s,1.1417433,0.9508442
arch2.dat-s,0.6090891,0.588783
arch4.dat-s,0.5581167,0.557898
arch8.dat-s,0.6000447,0.6384169
