Row,z_1,z_2
arch0.dat-s,-0.202750347058791,-1.86661275951399
arch2.dat-s,0.754105557237468,-0.0992476427445327
arch4.dat-s,0.0891410395911781,0.599549826747077
arch8.dat-s,-0.640496249769854,1.36631057551145
