Row,avg_density_ai_upper,b_l2_norm
arch0.dat-s,-1.5,-1.08351609078871
arch2.dat-s,0.5,-0.472389695801208
arch4.dat-s,0.5,0.334997225123303
arch8.dat-s,0.5,1.22090856146662
