Instance,feature_avg_density_ai_upper,feature_b_l2_norm,feature_c_fro_norm_upper,feature_largest_block_fraction,feature_m,feature_n_blocks,feature_n_total_matrix,feature_nnz_c_upper,feature_num_sdp_blocks
arch0.dat-s,0.0013177293305674065,25.377155239504685,4.242640687139756,0.5194029850746269,174,2,335,192,1
arch2.dat-s,0.0014873380562840032,25.92077528487981,6.363961030692624,0.5194029850746269,174,2,335,192,1
arch4.dat-s,0.0014873380562840032,27.589279375975952,6.363961030692624,0.5194029850746269,174,2,335,192,1
arch8.dat-s,0.0014873380562840032,35.09262266480159,4.242640687139756,0.5194029850746269,174,2,335,192,1
control1.dat-s,0.2346938775510204,1.0,2.23606797749979,0.6666666666666666,21,2,15,5,2
control2.dat-s,0.148084619782733,1.0,3.1622776601683795,0.6666666666666666,66,2,30,10,2
control3.dat-s,0.10822021116138762,1.0,3.872983346207417,0.6666666666666666,136,2,45,15,2
control4.dat-s,0.08523515319631825,1.0,4.47213595499958,0.6666666666666666,231,2,60,20,2
control5.dat-s,0.07029024216524217,1.0,5.0,0.6666666666666666,351,2,75,25,2
