Instance,algo_sdpt3,algo_sedumi
arch0.dat-s,1.1944308,1.0807242
arch2.dat-s,0.7205997,0.617005
arch4.dat-s,0.5553478,0.5629049
arch8.dat-s,0.6145437,0.6714061
