Instance,algo_sdpt3,algo_sedumi
arch0.dat-s,1.2015343,0.9984324
arch2.dat-s,0.648987,0.6015226
arch4.dat-s,0.5662407,0.5615775
arch8.dat-s,0.6228973,0.6857314
control1.dat-s,0.3029026,0.1518541
control2.dat-s,0.2457094,0.0573555
control3.dat-s,0.5616679,0.1530041
control4.dat-s,1.2497618,0.3952619
control5.dat-s,2.9928145,0.9087952
