instance,is_valid,invalid_reasons,family,m,n_blocks,feature_size,feature_sparsity,feature_scaling,feature_nnz,feature_max_block_size,feature_min_block_size,feature_sum_block_size,algo_sedumi,algo_sdpt3,sedumi_success,sedumi_status,sedumi_gap,sedumi_iter,sedumi_numerr,sedumi_pinf,sedumi_dinf,sedumi_feasratio,sedumi_r0,sdpt3_success,sdpt3_status,sdpt3_gap,sdpt3_iter,sdpt3_termcode
arch0,True,,arch,174,2,13215,0.0014012290109201926,9800061833.0,3222,174,161,335,1.5930506000004243,1.7562156999993022,True,solved,7.705625026943608e-10,32,0,0.0,0.0,0.9815050352843352,1e-08,True,solved,3.806655213267618e-09,26,0
arch2,True,,arch,174,2,13215,0.0015708377366367894,9800092750.0,3612,174,161,335,1.3135080000001835,0.7009685000002719,True,solved,4.983091717036814e-11,28,0,0.0,0.0,0.9999383791367402,1.711885421714629e-09,True,solved,8.610459567570672e-09,24,0
arch4,True,,arch,174,2,13215,0.0015708377366367894,9800092750.0,3612,174,161,335,1.4366040000004432,0.6735248999993928,True,solved,6.358136239725809e-12,29,0,0.0,0.0,1.0002421166852125,1e-08,True,solved,1.0827321372808285e-08,22,0
arch8,True,,arch,174,2,13215,0.0015708377366367894,9800110833.000002,3612,174,161,335,1.242600499999753,0.873370100000102,True,solved,2.3361490519846484e-10,34,0,0.0,0.0,1.0011063815909838,1e-08,False,termcode_-5,2.8179683475570982e-08,25,-5
