instances,feature_size,feature_sparsity,feature_scaling,algo_sedumi,algo_sdpt3
arch0,13215,0.0014012290109201926,9800061833.0,1.5930506000004243,1.7562156999993022
arch2,13215,0.0015708377366367894,9800092750.0,1.3135080000001835,0.7009685000002719
arch4,13215,0.0015708377366367894,9800092750.0,1.4366040000004432,0.6735248999993928
arch8,13215,0.0015708377366367894,9800110833.000002,1.242600499999753,0.873370100000102
